{
  "places": [
    {
      "id": 0,
      "name": "City of Melbourne"
    },
    {
      "id": 1,
      "name": "Carlton 3053 "
    },
    {
      "id": 2,
      "name": "Carlton North 3054 (Shared with City of Yarra) "
    },
    {
      "id": 3,
      "name": "East Melbourne 3002 "
    },
    {
      "id": 4,
      "name": "Jolimont "
    },
    {
      "id": 5,
      "name": "Flemington 3031 (Shared with City of Moonee Valley) "
    },
    {
      "id": 6,
      "name": "Kensington 3031 (Shared with City of Moonee Valley) "
    },
    {
      "id": 7,
      "name": "Melbourne 3000 (Central business district) "
    },
    {
      "id": 8,
      "name": "Melbourne 3004 (St Kilda Road area, shared with City of Port Phillip) "
    },
    {
      "id": 9,
      "name": "North Melbourne 3051 (Shared with City of Moonee Valley) "
    },
    {
      "id": 10,
      "name": "Port Melbourne 3207 (Shared with City of Port Phillip) "
    },
    {
      "id": 11,
      "name": "Fishermans Bend "
    },
    {
      "id": 12,
      "name": "Parkville 3052 "
    },
    {
      "id": 13,
      "name": "Southbank 3006 (Shared with City of Port Phillip) "
    },
    {
      "id": 14,
      "name": "South Yarra 3141 (Shared with City of Stonnington) "
    },
    {
      "id": 15,
      "name": "West Melbourne 3003 "
    },
    {
      "id": 16,
      "name": "Coode Island "
    },
    {
      "id": 17,
      "name": "World Trade Centre 3005 "
    },
    {
      "id": 18,
      "name": "See Melbourne central business district for locations in the CBD."
    },
    {
      "id": 19,
      "name": "Docklands"
    },
    {
      "id": 20,
      "name": "Currently separate from any Local Government Area, Docklands will eventually merge with the City of Melbourne."
    },
    {
      "id": 21,
      "name": "Docklands 3008 "
    },
    {
      "id": 22,
      "name": "Batman's Hill "
    },
    {
      "id": 23,
      "name": "Digital Harbour "
    },
    {
      "id": 24,
      "name": "NewQuay "
    },
    {
      "id": 25,
      "name": "Victoria Harbour "
    },
    {
      "id": 26,
      "name": "Waterfront City "
    },
    {
      "id": 27,
      "name": "Yarra's Edge "
    },
    {
      "id": 28,
      "name": "City of Port Phillip"
    },
    {
      "id": 29,
      "name": "Albert Park 3206 (Shared with City of Melbourne) "
    },
    {
      "id": 30,
      "name": "Balaclava 3183 "
    },
    {
      "id": 31,
      "name": "Elwood 3184 "
    },
    {
      "id": 32,
      "name": "Melbourne 3004 (St Kilda Road area, shared with City of Melbourne) "
    },
    {
      "id": 33,
      "name": "Middle Park 3206 "
    },
    {
      "id": 34,
      "name": "Port Melbourne 3207 (Shared with City of Melbourne) "
    },
    {
      "id": 35,
      "name": "Beacon Cove "
    },
    {
      "id": 36,
      "name": "Garden City "
    },
    {
      "id": 37,
      "name": "Ripponlea 3185 "
    },
    {
      "id": 38,
      "name": "St Kilda 3182 "
    },
    {
      "id": 39,
      "name": "St Kilda East 3183 (Shared with City of Glen Eira) "
    },
    {
      "id": 40,
      "name": "St Kilda West 3182 "
    },
    {
      "id": 41,
      "name": "Southbank 3006 (Shared with City of Melbourne) "
    },
    {
      "id": 42,
      "name": "South Melbourne 3205 "
    },
    {
      "id": 43,
      "name": "City of Yarra"
    },
    {
      "id": 44,
      "name": "Abbotsford 3067 "
    },
    {
      "id": 45,
      "name": "Alphington (Shared with City of Darebin) 3078 "
    },
    {
      "id": 46,
      "name": "Burnley 3121 "
    },
    {
      "id": 47,
      "name": "Carlton North (Shared with City of Melbourne) 3054 "
    },
    {
      "id": 48,
      "name": "Clifton Hill 3068 "
    },
    {
      "id": 49,
      "name": "Collingwood 3066 "
    },
    {
      "id": 50,
      "name": "Cremorne 3121 "
    },
    {
      "id": 51,
      "name": "Fairfield (Shared with City of Darebin) 3078 "
    },
    {
      "id": 52,
      "name": "Yarra Bend "
    },
    {
      "id": 53,
      "name": "Fitzroy 3065 "
    },
    {
      "id": 54,
      "name": "Fitzroy North 3068 "
    },
    {
      "id": 55,
      "name": "Princes Hill 3054 "
    },
    {
      "id": 56,
      "name": "Richmond 3121 "
    },
    {
      "id": 57,
      "name": "Northern Municipalities & their suburbs"
    },
    {
      "id": 58,
      "name": "City of Banyule"
    },
    {
      "id": 59,
      "name": "Bellfield 3081 "
    },
    {
      "id": 60,
      "name": "Briar Hill 3088 "
    },
    {
      "id": 61,
      "name": "Bundoora 3083 (Shared with City of Darebin and City of Whittlesea) "
    },
    {
      "id": 62,
      "name": "Eaglemont 3084 "
    },
    {
      "id": 63,
      "name": "Eltham North 3095 (Shared with Shire of Nillumbik) "
    },
    {
      "id": 64,
      "name": "Greensborough 3088 (Shared with Shire of Nillumbik) "
    },
    {
      "id": 65,
      "name": "Heidelberg 3084 "
    },
    {
      "id": 66,
      "name": "Heidelberg Heights 3081 "
    },
    {
      "id": 67,
      "name": "Heidelberg West 3081 "
    },
    {
      "id": 68,
      "name": "Ivanhoe 3079 "
    },
    {
      "id": 69,
      "name": "Ivanhoe East 3079 "
    },
    {
      "id": 70,
      "name": "Lower Plenty 3093 "
    },
    {
      "id": 71,
      "name": "Macleod 3085 (Shared with City of Darebin) "
    },
    {
      "id": 72,
      "name": "Macleod West "
    },
    {
      "id": 73,
      "name": "Montmorency 3094 "
    },
    {
      "id": 74,
      "name": "Rosanna 3084 "
    },
    {
      "id": 75,
      "name": "St Helena 3088 "
    },
    {
      "id": 76,
      "name": "Viewbank 3084 "
    },
    {
      "id": 77,
      "name": "Watsonia 3087 "
    },
    {
      "id": 78,
      "name": "Watsonia North 3087 "
    },
    {
      "id": 79,
      "name": "Yallambie 3085 "
    },
    {
      "id": 80,
      "name": "City of Darebin"
    },
    {
      "id": 81,
      "name": "Alphington 3078 (Shared with City of Yarra) "
    },
    {
      "id": 82,
      "name": "Bundoora 3083 (Shared with City of Banyule and City of Whittlesea) "
    },
    {
      "id": 83,
      "name": "Mt Cooper "
    },
    {
      "id": 84,
      "name": "Fairfield 3078 (Shared with City of Yarra) "
    },
    {
      "id": 85,
      "name": "Kingsbury 3083 "
    },
    {
      "id": 86,
      "name": "Macleod 3085 (Shared with City of Banyule) "
    },
    {
      "id": 87,
      "name": "Northcote 3070 "
    },
    {
      "id": 88,
      "name": "Westgarth 3070 (part of Northcote) "
    },
    {
      "id": 89,
      "name": "Preston 3072 "
    },
    {
      "id": 90,
      "name": "Regent "
    },
    {
      "id": 91,
      "name": "Reservoir 3073 "
    },
    {
      "id": 92,
      "name": "Regent "
    },
    {
      "id": 93,
      "name": "Thornbury 3071 "
    },
    {
      "id": 94,
      "name": "City of Hume"
    },
    {
      "id": 95,
      "name": "Attwood 3049 "
    },
    {
      "id": 96,
      "name": "Broadmeadows 3047 "
    },
    {
      "id": 97,
      "name": "Bulla 3428 "
    },
    {
      "id": 98,
      "name": "Campbellfield 3061 "
    },
    {
      "id": 99,
      "name": "Clarkefield 3430 (Shared with Macedon Ranges Shire) "
    },
    {
      "id": 100,
      "name": "Coolaroo 3048 "
    },
    {
      "id": 101,
      "name": "Craigieburn 3064 "
    },
    {
      "id": 102,
      "name": "Dallas 3047 "
    },
    {
      "id": 103,
      "name": "Gladstone Park 3043 "
    },
    {
      "id": 104,
      "name": "Greenvale 3059 "
    },
    {
      "id": 105,
      "name": "Jacana 3047 "
    },
    {
      "id": 106,
      "name": "Kalkallo 3064 "
    },
    {
      "id": 107,
      "name": "Keilor 3036 (Shared with City of Brimbank) "
    },
    {
      "id": 108,
      "name": "Meadow Heights 3048 "
    },
    {
      "id": 109,
      "name": "Melbourne Airport 3045 "
    },
    {
      "id": 110,
      "name": "Mickleham 3064 "
    },
    {
      "id": 111,
      "name": "Konagaderra Springs "
    },
    {
      "id": 112,
      "name": "Oaklands Junction 3063 "
    },
    {
      "id": 113,
      "name": "Oaklands Park "
    },
    {
      "id": 114,
      "name": "Roxburgh Park 3064 "
    },
    {
      "id": 115,
      "name": "Somerton 3062 "
    },
    {
      "id": 116,
      "name": "Sunbury 3429 "
    },
    {
      "id": 117,
      "name": "Jacksons Hill "
    },
    {
      "id": 118,
      "name": "Goonawarra "
    },
    {
      "id": 119,
      "name": "Tullamarine 3043 (Shared with City of Brimbank and City of Moreland) "
    },
    {
      "id": 120,
      "name": "Westmeadows 3049 "
    },
    {
      "id": 121,
      "name": "Wildwood 3429 "
    },
    {
      "id": 122,
      "name": "Yuroke 3063 "
    },
    {
      "id": 123,
      "name": "City of Moonee Valley"
    },
    {
      "id": 124,
      "name": "Aberfeldie 3040 "
    },
    {
      "id": 125,
      "name": "Airport West 3042 "
    },
    {
      "id": 126,
      "name": "Ascot Vale 3032 "
    },
    {
      "id": 127,
      "name": "Ascot Vale West "
    },
    {
      "id": 128,
      "name": "Avondale Heights 3034 "
    },
    {
      "id": 129,
      "name": "Essendon 3040 "
    },
    {
      "id": 130,
      "name": "Essendon North 3041 "
    },
    {
      "id": 131,
      "name": "Essendon West 3040 "
    },
    {
      "id": 132,
      "name": "Flemington, Victoria 3031 (Shared with City of Melbourne) "
    },
    {
      "id": 133,
      "name": "Newmarket "
    },
    {
      "id": 134,
      "name": "Keilor East 3033 (Shared with City of Brimbank) "
    },
    {
      "id": 135,
      "name": "Kensington 3031 (Shared with City of Melbourne) "
    },
    {
      "id": 136,
      "name": "Moonee Ponds 3039 "
    },
    {
      "id": 137,
      "name": "Niddrie 3042 "
    },
    {
      "id": 138,
      "name": "Strathmore 3041 "
    },
    {
      "id": 139,
      "name": "Strathmore Heights 3041 "
    },
    {
      "id": 140,
      "name": "Travancore 3032 "
    },
    {
      "id": 141,
      "name": "City of Moreland"
    },
    {
      "id": 142,
      "name": "Brunswick 3056 "
    },
    {
      "id": 143,
      "name": "Brunswick East 3057 "
    },
    {
      "id": 144,
      "name": "Brunswick West 3055 "
    },
    {
      "id": 145,
      "name": "Moonee Vale "
    },
    {
      "id": 146,
      "name": "Coburg 3058 "
    },
    {
      "id": 147,
      "name": "Coburg North 3058 "
    },
    {
      "id": 148,
      "name": "Merlynston "
    },
    {
      "id": 149,
      "name": "Newlands "
    },
    {
      "id": 150,
      "name": "Fawkner 3060 "
    },
    {
      "id": 151,
      "name": "Glenroy 3046 "
    },
    {
      "id": 152,
      "name": "Westbreen "
    },
    {
      "id": 153,
      "name": "Gowanbrae 3043 "
    },
    {
      "id": 154,
      "name": "Hadfield 3046 "
    },
    {
      "id": 155,
      "name": "Oak Park 3046 "
    },
    {
      "id": 156,
      "name": "Pascoe Vale 3044 "
    },
    {
      "id": 157,
      "name": "Pascoe Vale South 3044 "
    },
    {
      "id": 158,
      "name": "Coonans Hill "
    },
    {
      "id": 159,
      "name": "Tullamarine 3043 (Shared with City of Brimbank and City of Hume) "
    },
    {
      "id": 160,
      "name": "Shire of Nillumbik"
    },
    {
      "id": 161,
      "name": "Bend of Islands 3097 "
    },
    {
      "id": 162,
      "name": "Christmas Hills 3775 "
    },
    {
      "id": 163,
      "name": "Rob Roy "
    },
    {
      "id": 164,
      "name": "Cottles Bridge 3099 "
    },
    {
      "id": 165,
      "name": "Diamond Creek 3089 "
    },
    {
      "id": 166,
      "name": "Doreen 3754 (Shared with City of Whittlesea) "
    },
    {
      "id": 167,
      "name": "Eltham 3095 "
    },
    {
      "id": 168,
      "name": "Eltham North 3095 (Shared with City of Banyule) "
    },
    {
      "id": 169,
      "name": "Greensborough 3088 (Shared with City of Banyule) "
    },
    {
      "id": 170,
      "name": "Hurstbridge 3099 "
    },
    {
      "id": 171,
      "name": "Midhurst "
    },
    {
      "id": 172,
      "name": "Kinglake 3763 (Shared with Murrindindi Shire) "
    },
    {
      "id": 173,
      "name": "Kangaroo Ground 3097 "
    },
    {
      "id": 174,
      "name": "Watsons Creek "
    },
    {
      "id": 175,
      "name": "Nutfield 3099 "
    },
    {
      "id": 176,
      "name": "Panton Hill 3759 "
    },
    {
      "id": 177,
      "name": "Plenty 3090 "
    },
    {
      "id": 178,
      "name": "Research 3095 "
    },
    {
      "id": 179,
      "name": "Smiths Gully 3760 "
    },
    {
      "id": 180,
      "name": "St Andrews 3761 "
    },
    {
      "id": 181,
      "name": "North Warrandyte 3113 "
    },
    {
      "id": 182,
      "name": "Wattle Glen 3096 "
    },
    {
      "id": 183,
      "name": "Yan Yean 3755 (Shared with City of Whittlesea) "
    },
    {
      "id": 184,
      "name": "Yarrambat 3091 "
    },
    {
      "id": 185,
      "name": "City of Whittlesea"
    },
    {
      "id": 186,
      "name": "Bundoora 3083 (Shared with City of Banyule and City of Darebin) "
    },
    {
      "id": 187,
      "name": "Doreen 3754 (Shared with Shire of Nillumbik) "
    },
    {
      "id": 188,
      "name": "Laurimar "
    },
    {
      "id": 189,
      "name": "Eden Park 3757 "
    },
    {
      "id": 190,
      "name": "Epping 3076 "
    },
    {
      "id": 191,
      "name": "Epping North "
    },
    {
      "id": 192,
      "name": "Lalor 3075 "
    },
    {
      "id": 193,
      "name": "Mernda 3754 "
    },
    {
      "id": 194,
      "name": "Mill Park 3082 "
    },
    {
      "id": 195,
      "name": "South Morang 3752 "
    },
    {
      "id": 196,
      "name": "Thomastown 3074 "
    },
    {
      "id": 197,
      "name": "Wollert 3750 "
    },
    {
      "id": 198,
      "name": "Woodstock 3755 "
    },
    {
      "id": 199,
      "name": "Yan Yean 3755 (Shared with Shire of Nillumbik) "
    },
    {
      "id": 200,
      "name": "Whittlesea 3757 "
    },
    {
      "id": 201,
      "name": "Eastern Municipalities & their suburbs"
    },
    {
      "id": 202,
      "name": "City of Boroondara"
    },
    {
      "id": 203,
      "name": "Ashburton 3147 "
    },
    {
      "id": 204,
      "name": "Balwyn 3103 "
    },
    {
      "id": 205,
      "name": "Deepdene "
    },
    {
      "id": 206,
      "name": "Balwyn North 3104 "
    },
    {
      "id": 207,
      "name": "Bellevue "
    },
    {
      "id": 208,
      "name": "Greythorn "
    },
    {
      "id": 209,
      "name": "Camberwell 3124 "
    },
    {
      "id": 210,
      "name": "Hartwell "
    },
    {
      "id": 211,
      "name": "Canterbury 3126 "
    },
    {
      "id": 212,
      "name": "Glen Iris 3146 (Shared with City of Stonnington) "
    },
    {
      "id": 213,
      "name": "Hawthorn 3122 "
    },
    {
      "id": 214,
      "name": "Glenferrie "
    },
    {
      "id": 215,
      "name": "Hawthorn East 3123 "
    },
    {
      "id": 216,
      "name": "Kew 3101 "
    },
    {
      "id": 217,
      "name": "Kew East 3102 "
    },
    {
      "id": 218,
      "name": "Mont Albert (Shared with City of Whitehorse) "
    },
    {
      "id": 219,
      "name": "Surrey Hills 3127 (Shared with City of Whitehorse) "
    },
    {
      "id": 220,
      "name": "City of Knox"
    },
    {
      "id": 221,
      "name": "Bayswater 3153 "
    },
    {
      "id": 222,
      "name": "Boronia 3155 "
    },
    {
      "id": 223,
      "name": "Ferntree Gully 3156 "
    },
    {
      "id": 224,
      "name": "Knoxfield 3180 "
    },
    {
      "id": 225,
      "name": "Lysterfield 3156 "
    },
    {
      "id": 226,
      "name": "Rowville 3178 "
    },
    {
      "id": 227,
      "name": "Scoresby 3179 "
    },
    {
      "id": 228,
      "name": "The Basin 3154 "
    },
    {
      "id": 229,
      "name": "Wantirna 3152 "
    },
    {
      "id": 230,
      "name": "Wantirna South 3152 "
    },
    {
      "id": 231,
      "name": "City of Manningham"
    },
    {
      "id": 232,
      "name": "Bulleen 3105 "
    },
    {
      "id": 233,
      "name": "Doncaster 3108 "
    },
    {
      "id": 234,
      "name": "Doncaster East 3109 "
    },
    {
      "id": 235,
      "name": "Donvale 3111 "
    },
    {
      "id": 236,
      "name": "Park Orchards 3114 "
    },
    {
      "id": 237,
      "name": "Templestowe 3106 "
    },
    {
      "id": 238,
      "name": "Templestowe Lower 3107 "
    },
    {
      "id": 239,
      "name": "Warrandyte 3113 "
    },
    {
      "id": 240,
      "name": "Warrandyte South 3134 "
    },
    {
      "id": 241,
      "name": "Wonga Park 3115 "
    },
    {
      "id": 242,
      "name": "City of Maroondah"
    },
    {
      "id": 243,
      "name": "Bayswater North 3153 "
    },
    {
      "id": 244,
      "name": "Croydon 3136 "
    },
    {
      "id": 245,
      "name": "Croydon Hills 3136 "
    },
    {
      "id": 246,
      "name": "Croydon North 3136 "
    },
    {
      "id": 247,
      "name": "Croydon South 3136 "
    },
    {
      "id": 248,
      "name": "Heathmont 3135 "
    },
    {
      "id": 249,
      "name": "Kilsyth South 3137 "
    },
    {
      "id": 250,
      "name": "Ringwood 3134 "
    },
    {
      "id": 251,
      "name": "Ringwood East 3135 "
    },
    {
      "id": 252,
      "name": "Ringwood North 3134 "
    },
    {
      "id": 253,
      "name": "Warranwood 3134 "
    },
    {
      "id": 254,
      "name": "City of Whitehorse"
    },
    {
      "id": 255,
      "name": "Blackburn 3130 "
    },
    {
      "id": 256,
      "name": "Laburnum "
    },
    {
      "id": 257,
      "name": "Bellbird "
    },
    {
      "id": 258,
      "name": "Blackburn North 3130 "
    },
    {
      "id": 259,
      "name": "Blackburn South 3130 "
    },
    {
      "id": 260,
      "name": "Box Hill 3128 "
    },
    {
      "id": 261,
      "name": "Box Hill North 3129 "
    },
    {
      "id": 262,
      "name": "Kerrimuir "
    },
    {
      "id": 263,
      "name": "Box Hill South 3128 "
    },
    {
      "id": 264,
      "name": "Houston "
    },
    {
      "id": 265,
      "name": "Burwood 3125 "
    },
    {
      "id": 266,
      "name": "Bennettswood "
    },
    {
      "id": 267,
      "name": "Wattle Park "
    },
    {
      "id": 268,
      "name": "Burwood East 3151 "
    },
    {
      "id": 269,
      "name": "Tally Ho "
    },
    {
      "id": 270,
      "name": "Forest Hill 3131 "
    },
    {
      "id": 271,
      "name": "Mitcham 3132 "
    },
    {
      "id": 272,
      "name": "Heatherdale "
    },
    {
      "id": 273,
      "name": "Mont Albert 3127 (Shared with City of Boroondara) "
    },
    {
      "id": 274,
      "name": "Nunawading 3131 "
    },
    {
      "id": 275,
      "name": "Surrey Hills 3127 (Shared with City of Boroondara) "
    },
    {
      "id": 276,
      "name": "Vermont 3133 "
    },
    {
      "id": 277,
      "name": "Vermont South 3133 "
    },
    {
      "id": 278,
      "name": "Shire of Yarra Ranges"
    },
    {
      "id": 279,
      "name": "Badger Creek 3777 "
    },
    {
      "id": 280,
      "name": "Belgrave 3160 "
    },
    {
      "id": 281,
      "name": "Belgrave Heights 3160 "
    },
    {
      "id": 282,
      "name": "Belgrave South 3160 "
    },
    {
      "id": 283,
      "name": "Chirnside Park 3116 "
    },
    {
      "id": 284,
      "name": "Chum Creek 3777 "
    },
    {
      "id": 285,
      "name": "Coldstream 3770 "
    },
    {
      "id": 286,
      "name": "Dixons Creek 3775 "
    },
    {
      "id": 287,
      "name": "Don Valley 3139 "
    },
    {
      "id": 288,
      "name": "Ferntree Gully Upper 3156 "
    },
    {
      "id": 289,
      "name": "Ferny Creek 3786 "
    },
    {
      "id": 290,
      "name": "Gruyere 3770 "
    },
    {
      "id": 291,
      "name": "Healesville 3777 "
    },
    {
      "id": 292,
      "name": "Hoddles Creek 3139 "
    },
    {
      "id": 293,
      "name": "Kallista 3791 "
    },
    {
      "id": 294,
      "name": "Kalorama 3766 "
    },
    {
      "id": 295,
      "name": "Kilsyth 3137 "
    },
    {
      "id": 296,
      "name": "Launching Place 3139 "
    },
    {
      "id": 297,
      "name": "Lilydale 3140 "
    },
    {
      "id": 298,
      "name": "Macclesfield 3782 "
    },
    {
      "id": 299,
      "name": "Menzies Creek 3159 "
    },
    {
      "id": 300,
      "name": "Millgrove 3799 "
    },
    {
      "id": 301,
      "name": "Monbulk 3793 "
    },
    {
      "id": 302,
      "name": "Montrose 3765 "
    },
    {
      "id": 303,
      "name": "Mooroolbark 3138 "
    },
    {
      "id": 304,
      "name": "Mount Dandenong 3767 "
    },
    {
      "id": 305,
      "name": "Mount Evelyn 3796 "
    },
    {
      "id": 306,
      "name": "Narre Warren East 3804 "
    },
    {
      "id": 307,
      "name": "Olinda 3432 "
    },
    {
      "id": 308,
      "name": "Sassafras 3787 "
    },
    {
      "id": 309,
      "name": "Selby 3159 "
    },
    {
      "id": 310,
      "name": "Seville 3139 "
    },
    {
      "id": 311,
      "name": "Seville East 3139 "
    },
    {
      "id": 312,
      "name": "Sherbrooke 3789 "
    },
    {
      "id": 313,
      "name": "Silvan 3795 "
    },
    {
      "id": 314,
      "name": "Steels Creek 3775 "
    },
    {
      "id": 315,
      "name": "Tarrawarra 3775 "
    },
    {
      "id": 316,
      "name": "Tecoma 3160 "
    },
    {
      "id": 317,
      "name": "The Patch 3792 "
    },
    {
      "id": 318,
      "name": "Tremont 3785 "
    },
    {
      "id": 319,
      "name": "Upwey 3158 "
    },
    {
      "id": 320,
      "name": "Wandin East 3139 "
    },
    {
      "id": 321,
      "name": "Wandin North 3139 "
    },
    {
      "id": 322,
      "name": "Warburton 3799 "
    },
    {
      "id": 323,
      "name": "Warburton East 3799 "
    },
    {
      "id": 324,
      "name": "Wesburn 3799 "
    },
    {
      "id": 325,
      "name": "Woori Yallock 3139 "
    },
    {
      "id": 326,
      "name": "Yarra Glen 3775 "
    },
    {
      "id": 327,
      "name": "Yarra Junction 3797 "
    },
    {
      "id": 328,
      "name": "Yellingbo 3139 "
    },
    {
      "id": 329,
      "name": "Yering 3770 "
    },
    {
      "id": 330,
      "name": "Southeastern Municipalities & their suburbs"
    },
    {
      "id": 331,
      "name": "City of Bayside"
    },
    {
      "id": 332,
      "name": "Beaumaris 3193 "
    },
    {
      "id": 333,
      "name": "Black Rock 3193 "
    },
    {
      "id": 334,
      "name": "Brighton 3186 "
    },
    {
      "id": 335,
      "name": "Brighton East 3187 "
    },
    {
      "id": 336,
      "name": "Cheltenham (Shared with City of Kingston) 3192 "
    },
    {
      "id": 337,
      "name": "Hampton 3188 "
    },
    {
      "id": 338,
      "name": "Hampton East 3189 "
    },
    {
      "id": 339,
      "name": "Highett 3190 "
    },
    {
      "id": 340,
      "name": "Sandringham 3191 "
    },
    {
      "id": 341,
      "name": "Shire of Cardinia"
    },
    {
      "id": 342,
      "name": "Avonsleigh 3782 "
    },
    {
      "id": 343,
      "name": "Bayles 3981 "
    },
    {
      "id": 344,
      "name": "Beaconsfield 3807 "
    },
    {
      "id": 345,
      "name": "Beaconsfield Upper 3808 "
    },
    {
      "id": 346,
      "name": "Beenak "
    },
    {
      "id": 347,
      "name": "Bunyip 3815 "
    },
    {
      "id": 348,
      "name": "Caldermeade 3984 "
    },
    {
      "id": 349,
      "name": "Cardinia 3978 "
    },
    {
      "id": 350,
      "name": "Catani 3981 "
    },
    {
      "id": 351,
      "name": "Clematis 3782 "
    },
    {
      "id": 352,
      "name": "Cockatoo 3781 "
    },
    {
      "id": 353,
      "name": "Cora Lynn 3814 "
    },
    {
      "id": 354,
      "name": "Dalmore 3981 "
    },
    {
      "id": 355,
      "name": "Dewhurst "
    },
    {
      "id": 356,
      "name": "Emerald 3782 "
    },
    {
      "id": 357,
      "name": "Garfield 3814 "
    },
    {
      "id": 358,
      "name": "Gembrook 3783 "
    },
    {
      "id": 359,
      "name": "Guys Hill 3807 "
    },
    {
      "id": 360,
      "name": "Iona 3815 "
    },
    {
      "id": 361,
      "name": "Koo Wee Rup 3981 "
    },
    {
      "id": 362,
      "name": "Lang Lang 3984 "
    },
    {
      "id": 363,
      "name": "Maryknoll 3812 "
    },
    {
      "id": 364,
      "name": "Menzies Creek 3159 "
    },
    {
      "id": 365,
      "name": "Modella 3816 "
    },
    {
      "id": 366,
      "name": "Monomeith 3984 "
    },
    {
      "id": 367,
      "name": "Mount Burnett 3781 "
    },
    {
      "id": 368,
      "name": "Nangana 3781 "
    },
    {
      "id": 369,
      "name": "Nar Nar Goon 3812 "
    },
    {
      "id": 370,
      "name": "Officer 3809 "
    },
    {
      "id": 371,
      "name": "Pakenham 3810 "
    },
    {
      "id": 372,
      "name": "Tenby Point 3984 "
    },
    {
      "id": 373,
      "name": "Tonimbuk 3815 "
    },
    {
      "id": 374,
      "name": "Toomuc Valley 3810 "
    },
    {
      "id": 375,
      "name": "Tooradin North 3977 "
    },
    {
      "id": 376,
      "name": "Tynong 3813 "
    },
    {
      "id": 377,
      "name": "City of Casey"
    },
    {
      "id": 378,
      "name": "Berwick 3806 "
    },
    {
      "id": 379,
      "name": "Blind Bight 3980 "
    },
    {
      "id": 380,
      "name": "Cannons Creek 3977 "
    },
    {
      "id": 381,
      "name": "Clyde 3978 "
    },
    {
      "id": 382,
      "name": "Clyde North 3978 "
    },
    {
      "id": 383,
      "name": "Cranbourne 3977 "
    },
    {
      "id": 384,
      "name": "Cranbourne East 3977 "
    },
    {
      "id": 385,
      "name": "Cranbourne North 3977 "
    },
    {
      "id": 386,
      "name": "Cranbourne South 3977 "
    },
    {
      "id": 387,
      "name": "Cranbourne West 3977 "
    },
    {
      "id": 388,
      "name": "Devon Meadows 3977 "
    },
    {
      "id": 389,
      "name": "Doveton 3177 "
    },
    {
      "id": 390,
      "name": "Endeavour Hills 3802 "
    },
    {
      "id": 391,
      "name": "Eumemmerring 3177 "
    },
    {
      "id": 392,
      "name": "Five Ways 3977 "
    },
    {
      "id": 393,
      "name": "Hallam 3803 "
    },
    {
      "id": 394,
      "name": "Hampton Park 3976 "
    },
    {
      "id": 395,
      "name": "Harkaway 3806 "
    },
    {
      "id": 396,
      "name": "Junction Village 3977 "
    },
    {
      "id": 397,
      "name": "Lynbrook 3975 "
    },
    {
      "id": 398,
      "name": "Lysterfield South 3156 "
    },
    {
      "id": 399,
      "name": "Narre Warren 3805 "
    },
    {
      "id": 400,
      "name": "Narre Warren North 3804 "
    },
    {
      "id": 401,
      "name": "Narre Warren South 3805 "
    },
    {
      "id": 402,
      "name": "Pearcedale 3912 "
    },
    {
      "id": 403,
      "name": "Tooradin 3980 "
    },
    {
      "id": 404,
      "name": "Warneet 3980 "
    },
    {
      "id": 405,
      "name": "City of Greater Dandenong"
    },
    {
      "id": 406,
      "name": "Bangholme 3175 "
    },
    {
      "id": 407,
      "name": "Dandenong 3175 "
    },
    {
      "id": 408,
      "name": "Dandenong North 3175 "
    },
    {
      "id": 409,
      "name": "Dandenong South 3175 "
    },
    {
      "id": 410,
      "name": "Keysborough 3173 "
    },
    {
      "id": 411,
      "name": "Lyndhurst 3975 "
    },
    {
      "id": 412,
      "name": "Noble Park 3174 "
    },
    {
      "id": 413,
      "name": "Noble Park North 3174 "
    },
    {
      "id": 414,
      "name": "Springvale 3171 "
    },
    {
      "id": 415,
      "name": "Springvale South 3172 "
    },
    {
      "id": 416,
      "name": "City of Frankston"
    },
    {
      "id": 417,
      "name": "Carrum Downs 3201 "
    },
    {
      "id": 418,
      "name": "Frankston 3199 "
    },
    {
      "id": 419,
      "name": "Karingal "
    },
    {
      "id": 420,
      "name": "Frankston North 3200 "
    },
    {
      "id": 421,
      "name": "Frankston South 3199 "
    },
    {
      "id": 422,
      "name": "Langwarrin 3910 "
    },
    {
      "id": 423,
      "name": "Skye 3977 "
    },
    {
      "id": 424,
      "name": "Seaford 3198 "
    },
    {
      "id": 425,
      "name": "Kananook "
    },
    {
      "id": 426,
      "name": "City of Glen Eira"
    },
    {
      "id": 427,
      "name": "Bentleigh 3204 "
    },
    {
      "id": 428,
      "name": "Bentleigh East 3165 "
    },
    {
      "id": 429,
      "name": "Caulfield 3162 "
    },
    {
      "id": 430,
      "name": "Caulfield East 3145 "
    },
    {
      "id": 431,
      "name": "Caulfield North 3161 "
    },
    {
      "id": 432,
      "name": "Caulfield South 3162 "
    },
    {
      "id": 433,
      "name": "Carnegie 3163 "
    },
    {
      "id": 434,
      "name": "Elsternwick 3185 "
    },
    {
      "id": 435,
      "name": "Gardenvale 3185 "
    },
    {
      "id": 436,
      "name": "Glen Huntly 3163 "
    },
    {
      "id": 437,
      "name": "McKinnon 3204 "
    },
    {
      "id": 438,
      "name": "Murrumbeena 3163 "
    },
    {
      "id": 439,
      "name": "Ormond 3204 "
    },
    {
      "id": 440,
      "name": "City of Kingston"
    },
    {
      "id": 441,
      "name": "Aspendale 3195 "
    },
    {
      "id": 442,
      "name": "Aspendale Gardens 3195 "
    },
    {
      "id": 443,
      "name": "Bonbeach 3197 "
    },
    {
      "id": 444,
      "name": "Braeside 3195 "
    },
    {
      "id": 445,
      "name": "Carrum 3197 "
    },
    {
      "id": 446,
      "name": "Chelsea 3196 "
    },
    {
      "id": 447,
      "name": "Chelsea Heights 3196 "
    },
    {
      "id": 448,
      "name": "Cheltenham (Shared with City of Bayside) 3192 "
    },
    {
      "id": 449,
      "name": "Clarinda 3169 "
    },
    {
      "id": 450,
      "name": "Clayton South 3169 "
    },
    {
      "id": 451,
      "name": "Dingley Village 3172 "
    },
    {
      "id": 452,
      "name": "Edithvale 3196 "
    },
    {
      "id": 453,
      "name": "Heatherton 3202 "
    },
    {
      "id": 454,
      "name": "Highett (Shared with City of Bayside) 3190 "
    },
    {
      "id": 455,
      "name": "Mentone 3194 "
    },
    {
      "id": 456,
      "name": "Moorabbin 3189 "
    },
    {
      "id": 457,
      "name": "Moorabbin Airport 3194 "
    },
    {
      "id": 458,
      "name": "Mordialloc 3195 "
    },
    {
      "id": 459,
      "name": "Parkdale 3194 "
    },
    {
      "id": 460,
      "name": "Patterson Lakes 3197 "
    },
    {
      "id": 461,
      "name": "Waterways 3195 "
    },
    {
      "id": 462,
      "name": "City of Monash"
    },
    {
      "id": 463,
      "name": "Ashwood 3147 "
    },
    {
      "id": 464,
      "name": "Chadstone 3148 "
    },
    {
      "id": 465,
      "name": "Clayton 3168 "
    },
    {
      "id": 466,
      "name": "Glen Waverley 3150 "
    },
    {
      "id": 467,
      "name": "Hughesdale 3166 "
    },
    {
      "id": 468,
      "name": "Huntingdale 3166 "
    },
    {
      "id": 469,
      "name": "Monash University 3800 "
    },
    {
      "id": 470,
      "name": "Mount Waverley 3149 "
    },
    {
      "id": 471,
      "name": "Mulgrave 3170 "
    },
    {
      "id": 472,
      "name": "Notting Hill 3168 "
    },
    {
      "id": 473,
      "name": "Oakleigh 3166 "
    },
    {
      "id": 474,
      "name": "Oakleigh East 3166 "
    },
    {
      "id": 475,
      "name": "Oakleigh South 3167 "
    },
    {
      "id": 476,
      "name": "Wheelers Hill 3150 "
    },
    {
      "id": 477,
      "name": "Shire of Mornington Peninsula"
    },
    {
      "id": 478,
      "name": "Arthurs Seat 3936 "
    },
    {
      "id": 479,
      "name": "Balnarring 3926 "
    },
    {
      "id": 480,
      "name": "Balnarring Beach 3926 "
    },
    {
      "id": 481,
      "name": "Baxter 3911 "
    },
    {
      "id": 482,
      "name": "Bittern 3918 "
    },
    {
      "id": 483,
      "name": "Blairgowrie 3942 "
    },
    {
      "id": 484,
      "name": "Boneo 3939 "
    },
    {
      "id": 485,
      "name": "Cape Schanck 3939 "
    },
    {
      "id": 486,
      "name": "Crib Point 3919 "
    },
    {
      "id": 487,
      "name": "Dromana 3936 "
    },
    {
      "id": 488,
      "name": "Flinders 3929 "
    },
    {
      "id": 489,
      "name": "Hastings 3915 "
    },
    {
      "id": 490,
      "name": "HMAS Cerberus 3920 "
    },
    {
      "id": 491,
      "name": "Main Ridge 3928 "
    },
    {
      "id": 492,
      "name": "Merricks 3916 "
    },
    {
      "id": 493,
      "name": "Merricks Beach 3926 "
    },
    {
      "id": 494,
      "name": "Merricks North 3926 "
    },
    {
      "id": 495,
      "name": "Moorooduc 3933 "
    },
    {
      "id": 496,
      "name": "Mornington 3931 "
    },
    {
      "id": 497,
      "name": "Mount Eliza 3930 "
    },
    {
      "id": 498,
      "name": "Mount Martha 3934 "
    },
    {
      "id": 499,
      "name": "Point Leo 3916 "
    },
    {
      "id": 500,
      "name": "Portsea 3944 "
    },
    {
      "id": 501,
      "name": "Red Hill 3059 "
    },
    {
      "id": 502,
      "name": "Red Hill South 3937 "
    },
    {
      "id": 503,
      "name": "Rosebud 3939 "
    },
    {
      "id": 504,
      "name": "Rosebud West 3940 "
    },
    {
      "id": 505,
      "name": "Rye 3941 "
    },
    {
      "id": 506,
      "name": "Safety Beach 3936 "
    },
    {
      "id": 507,
      "name": "Shoreham 3916 "
    },
    {
      "id": 508,
      "name": "Somers 3927 "
    },
    {
      "id": 509,
      "name": "Somerville 3912 "
    },
    {
      "id": 510,
      "name": "Sorrento 3943 "
    },
    {
      "id": 511,
      "name": "Tootgarook 3941 "
    },
    {
      "id": 512,
      "name": "Tyabb 3913 "
    },
    {
      "id": 513,
      "name": "City of Stonnington"
    },
    {
      "id": 514,
      "name": "Armadale 3143 "
    },
    {
      "id": 515,
      "name": "Glen Iris (Shared with City of Boroondara) 3146 "
    },
    {
      "id": 516,
      "name": "Kooyong 3144 "
    },
    {
      "id": 517,
      "name": "Malvern 3144 "
    },
    {
      "id": 518,
      "name": "Malvern East 3145 "
    },
    {
      "id": 519,
      "name": "Prahran 3181 "
    },
    {
      "id": 520,
      "name": "South Yarra 3141 "
    },
    {
      "id": 521,
      "name": "Toorak 3142 "
    },
    {
      "id": 522,
      "name": "Windsor 3181 "
    },
    {
      "id": 523,
      "name": "Western Municipalities & their suburbs"
    },
    {
      "id": 524,
      "name": "City of Brimbank"
    },
    {
      "id": 525,
      "name": "Albion 3020 "
    },
    {
      "id": 526,
      "name": "Ardeer 3022 "
    },
    {
      "id": 527,
      "name": "Cairnlea 3023 "
    },
    {
      "id": 528,
      "name": "Calder Park 3037 "
    },
    {
      "id": 529,
      "name": "Deer Park 3023 "
    },
    {
      "id": 530,
      "name": "Delahey 3037 "
    },
    {
      "id": 531,
      "name": "Derrimut 3030 "
    },
    {
      "id": 532,
      "name": "Kealba 3021 "
    },
    {
      "id": 533,
      "name": "Keilor (Shared with City of Hume) 3036 "
    },
    {
      "id": 534,
      "name": "Keilor Downs 3038 "
    },
    {
      "id": 535,
      "name": "Keilor North 3036 "
    },
    {
      "id": 536,
      "name": "Keilor Park 3042 "
    },
    {
      "id": 537,
      "name": "Kings Park 3021 "
    },
    {
      "id": 538,
      "name": "St Albans 3021 "
    },
    {
      "id": 539,
      "name": "Sunshine 3020 "
    },
    {
      "id": 540,
      "name": "Sunshine North 3020 "
    },
    {
      "id": 541,
      "name": "Sunshine West 3020 "
    },
    {
      "id": 542,
      "name": "Sydenham 3037 "
    },
    {
      "id": 543,
      "name": "Taylors Lakes 3038 "
    },
    {
      "id": 544,
      "name": "City of Hobsons Bay"
    },
    {
      "id": 545,
      "name": "Altona 3018 "
    },
    {
      "id": 546,
      "name": "Altona Meadows 3028 "
    },
    {
      "id": 547,
      "name": "Altona North 3025 "
    },
    {
      "id": 548,
      "name": "Brooklyn (part) 3012 "
    },
    {
      "id": 549,
      "name": "Laverton (Shared with City of Wyndham) 3028 "
    },
    {
      "id": 550,
      "name": "Newport 3015 "
    },
    {
      "id": 551,
      "name": "Spotswood 3015 "
    },
    {
      "id": 552,
      "name": "Seabrook 3028 "
    },
    {
      "id": 553,
      "name": "Seaholme 3018 "
    },
    {
      "id": 554,
      "name": "South Kingsville 3015 "
    },
    {
      "id": 555,
      "name": "Williamstown 3016 "
    },
    {
      "id": 556,
      "name": "Williamstown North 3016 "
    },
    {
      "id": 557,
      "name": "City of Maribyrnong"
    },
    {
      "id": 558,
      "name": "Braybrook 3019 "
    },
    {
      "id": 559,
      "name": "Footscray 3011 "
    },
    {
      "id": 560,
      "name": "Kingsville 3012 "
    },
    {
      "id": 561,
      "name": "Maidstone 3012 "
    },
    {
      "id": 562,
      "name": "Maribyrnong 3032 "
    },
    {
      "id": 563,
      "name": "Seddon 3011 "
    },
    {
      "id": 564,
      "name": "Tottenham 3012 "
    },
    {
      "id": 565,
      "name": "West Footscray 3012 "
    },
    {
      "id": 566,
      "name": "Yarraville 3013 "
    },
    {
      "id": 567,
      "name": "Shire of Melton"
    },
    {
      "id": 568,
      "name": "Brookfield 3338 "
    },
    {
      "id": 569,
      "name": "Burnside 3023 "
    },
    {
      "id": 570,
      "name": "Caroline Springs 3023 "
    },
    {
      "id": 571,
      "name": "Diggers Rest 3427 "
    },
    {
      "id": 572,
      "name": "Hillside 3037 "
    },
    {
      "id": 573,
      "name": "Kurunjang 3337 "
    },
    {
      "id": 574,
      "name": "Melton 3337 "
    },
    {
      "id": 575,
      "name": "Melton South 3338 "
    },
    {
      "id": 576,
      "name": "Melton West 3337 "
    },
    {
      "id": 577,
      "name": "Ravenhall 3023 "
    },
    {
      "id": 578,
      "name": "Rockbank 3335 "
    },
    {
      "id": 579,
      "name": "Taylors Hill 3037 "
    },
    {
      "id": 580,
      "name": "Truganina 3029 "
    },
    {
      "id": 581,
      "name": "City of Wyndham"
    },
    {
      "id": 582,
      "name": "Hoppers Crossing 3029 "
    },
    {
      "id": 583,
      "name": "Laverton North 3026 "
    },
    {
      "id": 584,
      "name": "Mambourin 3024 "
    },
    {
      "id": 585,
      "name": "Point Cook 3030 "
    },
    {
      "id": 586,
      "name": "Tarneit 3029 "
    },
    {
      "id": 587,
      "name": "Truganina 3029 "
    },
    {
      "id": 588,
      "name": "Werribee 3030 "
    },
    {
      "id": 589,
      "name": "Werribee South 3030 "
    },
    {
      "id": 590,
      "name": "Wyndham Vale 3024 "
    },
    {
      "id": 591,
      "name": "Ashfield"
    },
    {
      "id": 592,
      "name": "Auburn"
    },
    {
      "id": 593,
      "name": "Bankstown"
    },
    {
      "id": 594,
      "name": "Baulkham Hills"
    },
    {
      "id": 595,
      "name": "Blacktown"
    },
    {
      "id": 596,
      "name": "Botany Bay"
    },
    {
      "id": 597,
      "name": "Burwood"
    },
    {
      "id": 598,
      "name": "Camden"
    },
    {
      "id": 599,
      "name": "Campbelltown"
    },
    {
      "id": 600,
      "name": "Canterbury"
    },
    {
      "id": 601,
      "name": "Canada Bay"
    },
    {
      "id": 602,
      "name": "Fairfield"
    },
    {
      "id": 603,
      "name": "Holroyd"
    },
    {
      "id": 604,
      "name": "Hornsby"
    },
    {
      "id": 605,
      "name": "Hunter's Hill"
    },
    {
      "id": 606,
      "name": "Hurstville"
    },
    {
      "id": 607,
      "name": "Kogarah"
    },
    {
      "id": 608,
      "name": "Ku-ring-gai"
    },
    {
      "id": 609,
      "name": "Lane Cove"
    },
    {
      "id": 610,
      "name": "Leichhardt"
    },
    {
      "id": 611,
      "name": "Liverpool"
    },
    {
      "id": 612,
      "name": "Manly"
    },
    {
      "id": 613,
      "name": "Marrickville"
    },
    {
      "id": 614,
      "name": "Mosman"
    },
    {
      "id": 615,
      "name": "North Sydney"
    },
    {
      "id": 616,
      "name": "Parramatta"
    },
    {
      "id": 617,
      "name": "Penrith"
    },
    {
      "id": 618,
      "name": "Pittwater"
    },
    {
      "id": 619,
      "name": "Randwick"
    },
    {
      "id": 620,
      "name": "Rockdale"
    },
    {
      "id": 621,
      "name": "Ryde"
    },
    {
      "id": 622,
      "name": "Strathfield"
    },
    {
      "id": 623,
      "name": "Sutherland"
    },
    {
      "id": 624,
      "name": "City of Sydney"
    },
    {
      "id": 625,
      "name": "Warringah"
    },
    {
      "id": 626,
      "name": "Waverley"
    },
    {
      "id": 627,
      "name": "Willoughby"
    },
    {
      "id": 628,
      "name": "Woollahra"
    },
    {
      "id": 629,
      "name": "Bulwer"
    },
    {
      "id": 630,
      "name": "Cowan Cowan"
    },
    {
      "id": 631,
      "name": "Green Island"
    },
    {
      "id": 632,
      "name": "Kooringal"
    },
    {
      "id": 633,
      "name": "Moreton Island"
    },
    {
      "id": 634,
      "name": "Mud Island"
    },
    {
      "id": 635,
      "name": "St Helena Island"
    },
    {
      "id": 636,
      "name": "Acacia Ridge"
    },
    {
      "id": 637,
      "name": "Albion"
    },
    {
      "id": 638,
      "name": "Alderley"
    },
    {
      "id": 639,
      "name": "Algester"
    },
    {
      "id": 640,
      "name": "Annerley"
    },
    {
      "id": 641,
      "name": "Anstead"
    },
    {
      "id": 642,
      "name": "Archerfield"
    },
    {
      "id": 643,
      "name": "Ascot"
    },
    {
      "id": 644,
      "name": "Ashgrove"
    },
    {
      "id": 645,
      "name": "Aspley"
    },
    {
      "id": 646,
      "name": "Auchenflower"
    },
    {
      "id": 647,
      "name": "Bald Hills"
    },
    {
      "id": 648,
      "name": "Balmoral"
    },
    {
      "id": 649,
      "name": "Banks Creek"
    },
    {
      "id": 650,
      "name": "Banyo"
    },
    {
      "id": 651,
      "name": "Bardon"
    },
    {
      "id": 652,
      "name": "Bellbowrie"
    },
    {
      "id": 653,
      "name": "Belmont"
    },
    {
      "id": 654,
      "name": "Boondall"
    },
    {
      "id": 655,
      "name": "Bowen Hills"
    },
    {
      "id": 656,
      "name": "Bracken Ridge"
    },
    {
      "id": 657,
      "name": "Bridgeman Downs"
    },
    {
      "id": 658,
      "name": "Brighton"
    },
    {
      "id": 659,
      "name": "Brisbane Airport"
    },
    {
      "id": 660,
      "name": "Brisbane city"
    },
    {
      "id": 661,
      "name": "Brookfield"
    },
    {
      "id": 662,
      "name": "Bulimba"
    },
    {
      "id": 663,
      "name": "Burbank"
    },
    {
      "id": 664,
      "name": "Calamvale"
    },
    {
      "id": 665,
      "name": "Camp Hill"
    },
    {
      "id": 666,
      "name": "Cannon Hill"
    },
    {
      "id": 667,
      "name": "Carina"
    },
    {
      "id": 668,
      "name": "Carina Heights"
    },
    {
      "id": 669,
      "name": "Carindale"
    },
    {
      "id": 670,
      "name": "Carseldine"
    },
    {
      "id": 671,
      "name": "Chandler"
    },
    {
      "id": 672,
      "name": "Chapel Hill"
    },
    {
      "id": 673,
      "name": "Chelmer"
    },
    {
      "id": 674,
      "name": "Chermside"
    },
    {
      "id": 675,
      "name": "Chermside West"
    },
    {
      "id": 676,
      "name": "Chuwar"
    },
    {
      "id": 677,
      "name": "Clayfield"
    },
    {
      "id": 678,
      "name": "Coopers Plains"
    },
    {
      "id": 679,
      "name": "Coorparoo"
    },
    {
      "id": 680,
      "name": "Corinda"
    },
    {
      "id": 681,
      "name": "Darra"
    },
    {
      "id": 682,
      "name": "Deagon"
    },
    {
      "id": 683,
      "name": "Doolandella"
    },
    {
      "id": 684,
      "name": "Drewvale"
    },
    {
      "id": 685,
      "name": "Durack"
    },
    {
      "id": 686,
      "name": "Dutton Park"
    },
    {
      "id": 687,
      "name": "Eagle Farm"
    },
    {
      "id": 688,
      "name": "East Brisbane"
    },
    {
      "id": 689,
      "name": "Eight Mile Plains"
    },
    {
      "id": 690,
      "name": "Ellen Grove"
    },
    {
      "id": 691,
      "name": "England Creek"
    },
    {
      "id": 692,
      "name": "Enoggera"
    },
    {
      "id": 693,
      "name": "Enoggera Reservoir"
    },
    {
      "id": 694,
      "name": "Everton Park"
    },
    {
      "id": 695,
      "name": "Fairfield"
    },
    {
      "id": 696,
      "name": "Ferny Grove"
    },
    {
      "id": 697,
      "name": "Fig Tree Pocket"
    },
    {
      "id": 698,
      "name": "Fitzgibbon"
    },
    {
      "id": 699,
      "name": "Forest Lake"
    },
    {
      "id": 700,
      "name": "Fortitude Valley"
    },
    {
      "id": 701,
      "name": "Gaythorne"
    },
    {
      "id": 702,
      "name": "Geebung"
    },
    {
      "id": 703,
      "name": "Gordon Park"
    },
    {
      "id": 704,
      "name": "Graceville"
    },
    {
      "id": 705,
      "name": "Grange"
    },
    {
      "id": 706,
      "name": "Greenslopes"
    },
    {
      "id": 707,
      "name": "Gumdale"
    },
    {
      "id": 708,
      "name": "Hamilton"
    },
    {
      "id": 709,
      "name": "Hawthorne"
    },
    {
      "id": 710,
      "name": "Heathwood"
    },
    {
      "id": 711,
      "name": "Hemmant"
    },
    {
      "id": 712,
      "name": "Hendra"
    },
    {
      "id": 713,
      "name": "Herston"
    },
    {
      "id": 714,
      "name": "Highgate Hill"
    },
    {
      "id": 715,
      "name": "Holland Park"
    },
    {
      "id": 716,
      "name": "Holland Park West"
    },
    {
      "id": 717,
      "name": "Inala "
    },
    {
      "id": 718,
      "name": "Indooroopilly"
    },
    {
      "id": 719,
      "name": "Jamboree Heights"
    },
    {
      "id": 720,
      "name": "Jindalee"
    },
    {
      "id": 721,
      "name": "Kalinga"
    },
    {
      "id": 722,
      "name": "Kangaroo Point"
    },
    {
      "id": 723,
      "name": "Karana Downs"
    },
    {
      "id": 724,
      "name": "Karawatha"
    },
    {
      "id": 725,
      "name": "Kedron"
    },
    {
      "id": 726,
      "name": "Kelvin Grove"
    },
    {
      "id": 727,
      "name": "Kenmore    "
    },
    {
      "id": 728,
      "name": "Kenmore Hills"
    },
    {
      "id": 729,
      "name": "Keperra"
    },
    {
      "id": 730,
      "name": "Kholo"
    },
    {
      "id": 731,
      "name": "Kuraby"
    },
    {
      "id": 732,
      "name": "Lake Manchester"
    },
    {
      "id": 733,
      "name": "Larapinta"
    },
    {
      "id": 734,
      "name": "Lota"
    },
    {
      "id": 735,
      "name": "Lutwyche"
    },
    {
      "id": 736,
      "name": "Lytton"
    },
    {
      "id": 737,
      "name": "Macgregor"
    },
    {
      "id": 738,
      "name": "Mackenzie"
    },
    {
      "id": 739,
      "name": "Manly"
    },
    {
      "id": 740,
      "name": "Manly West"
    },
    {
      "id": 741,
      "name": "Mansfield"
    },
    {
      "id": 742,
      "name": "McDowall"
    },
    {
      "id": 743,
      "name": "Middle Park"
    },
    {
      "id": 744,
      "name": "Milton"
    },
    {
      "id": 745,
      "name": "Mitchelton"
    },
    {
      "id": 746,
      "name": "Moggill"
    },
    {
      "id": 747,
      "name": "Moorooka"
    },
    {
      "id": 748,
      "name": "Morningside"
    },
    {
      "id": 749,
      "name": "Mt Coot-tha"
    },
    {
      "id": 750,
      "name": "Mt Crosby"
    },
    {
      "id": 751,
      "name": "Mt Gravatt"
    },
    {
      "id": 752,
      "name": "Mt Gravatt East"
    },
    {
      "id": 753,
      "name": "Mt Ommaney"
    },
    {
      "id": 754,
      "name": "Murarrie"
    },
    {
      "id": 755,
      "name": "Nathan"
    },
    {
      "id": 756,
      "name": "New Farm"
    },
    {
      "id": 757,
      "name": "Newmarket"
    },
    {
      "id": 758,
      "name": "Newstead"
    },
    {
      "id": 759,
      "name": "Norman Park"
    },
    {
      "id": 760,
      "name": "Northgate"
    },
    {
      "id": 761,
      "name": "Nudgee"
    },
    {
      "id": 762,
      "name": "Nudgee Beach"
    },
    {
      "id": 763,
      "name": "Nundah"
    },
    {
      "id": 764,
      "name": "Oxley"
    },
    {
      "id": 765,
      "name": "Paddington"
    },
    {
      "id": 766,
      "name": "Pallara"
    },
    {
      "id": 767,
      "name": "Parkinson"
    },
    {
      "id": 768,
      "name": "Petrie Terrace"
    },
    {
      "id": 769,
      "name": "Pinjarra Hills"
    },
    {
      "id": 770,
      "name": "Pinkenba"
    },
    {
      "id": 771,
      "name": "Port of Brisbane"
    },
    {
      "id": 772,
      "name": "Pullenvale"
    },
    {
      "id": 773,
      "name": "Ransome"
    },
    {
      "id": 774,
      "name": "Red Hill"
    },
    {
      "id": 775,
      "name": "Richlands"
    },
    {
      "id": 776,
      "name": "Riverhills"
    },
    {
      "id": 777,
      "name": "Robertson"
    },
    {
      "id": 778,
      "name": "Rochedale"
    },
    {
      "id": 779,
      "name": "Rocklea"
    },
    {
      "id": 780,
      "name": "Runcorn"
    },
    {
      "id": 781,
      "name": "Salisbury"
    },
    {
      "id": 782,
      "name": "Sandgate"
    },
    {
      "id": 783,
      "name": "Seven Hills"
    },
    {
      "id": 784,
      "name": "Seventeen Mile Rocks"
    },
    {
      "id": 785,
      "name": "Sherwood"
    },
    {
      "id": 786,
      "name": "Shorncliffe"
    },
    {
      "id": 787,
      "name": "Sinnamon Park"
    },
    {
      "id": 788,
      "name": "South Brisbane"
    },
    {
      "id": 789,
      "name": "Spring Hill"
    },
    {
      "id": 790,
      "name": "St Lucia"
    },
    {
      "id": 791,
      "name": "Stafford"
    },
    {
      "id": 792,
      "name": "Stafford Heights"
    },
    {
      "id": 793,
      "name": "Stretton"
    },
    {
      "id": 794,
      "name": "Sumner"
    },
    {
      "id": 795,
      "name": "Sunnybank"
    },
    {
      "id": 796,
      "name": "Sunnybank Hills"
    },
    {
      "id": 797,
      "name": "Taigum"
    },
    {
      "id": 798,
      "name": "Taringa"
    },
    {
      "id": 799,
      "name": "Tarragindi"
    },
    {
      "id": 800,
      "name": "Teneriffe"
    },
    {
      "id": 801,
      "name": "Tennyson"
    },
    {
      "id": 802,
      "name": "The Gap"
    },
    {
      "id": 803,
      "name": "Tingalpa"
    },
    {
      "id": 804,
      "name": "Toowong"
    },
    {
      "id": 805,
      "name": "Upper Brookfield"
    },
    {
      "id": 806,
      "name": "Upper Kedron"
    },
    {
      "id": 807,
      "name": "Upper Mt Gravatt"
    },
    {
      "id": 808,
      "name": "Virginia"
    },
    {
      "id": 809,
      "name": "Wacol"
    },
    {
      "id": 810,
      "name": "Wakerley"
    },
    {
      "id": 811,
      "name": "Wavell Heights"
    },
    {
      "id": 812,
      "name": "West End"
    },
    {
      "id": 813,
      "name": "Westlake"
    },
    {
      "id": 814,
      "name": "Willawong"
    },
    {
      "id": 815,
      "name": "Wilston"
    },
    {
      "id": 816,
      "name": "Windsor"
    },
    {
      "id": 817,
      "name": "Wishart"
    },
    {
      "id": 818,
      "name": "Woolloongabba"
    },
    {
      "id": 819,
      "name": "Wooloowin"
    },
    {
      "id": 820,
      "name": "Wynnum"
    },
    {
      "id": 821,
      "name": "Wynnum West"
    },
    {
      "id": 822,
      "name": "Yeerongpilly"
    },
    {
      "id": 823,
      "name": "Yeronga"
    },
    {
      "id": 824,
      "name": "Zillmere"
    }
  ],
  "people": [
    {
      "id": 1,
      "name": "Brande Brittne",
      "gender": "M",
      "father_id": null,
      "mother_id": null,
      "place_id": 261,
      "level": 0
    },
    {
      "id": 2,
      "name": "Josephina Mollie",
      "gender": "F",
      "father_id": null,
      "mother_id": null,
      "place_id": 488,
      "level": 0
    },
    {
      "id": 3,
      "name": "Giorgia Ina",
      "gender": "M",
      "father_id": null,
      "mother_id": null,
      "place_id": 207,
      "level": 0
    },
    {
      "id": 4,
      "name": "Katherine Delia",
      "gender": "F",
      "father_id": null,
      "mother_id": null,
      "place_id": 624,
      "level": 0
    },
    {
      "id": 5,
      "name": "Elana Eirena",
      "gender": "M",
      "father_id": null,
      "mother_id": null,
      "place_id": 183,
      "level": 0
    },
    {
      "id": 6,
      "name": "Adelle Marris",
      "gender": "F",
      "father_id": null,
      "mother_id": null,
      "place_id": 242,
      "level": 0
    },
    {
      "id": 7,
      "name": "Mignon Linnie",
      "gender": "M",
      "father_id": null,
      "mother_id": null,
      "place_id": 520,
      "level": 0
    },
    {
      "id": 8,
      "name": "Brooks Tarrah",
      "gender": "F",
      "father_id": null,
      "mother_id": null,
      "place_id": 98,
      "level": 0
    },
    {
      "id": 9,
      "name": "Becki Therese",
      "gender": "M",
      "father_id": null,
      "mother_id": null,
      "place_id": 809,
      "level": 0
    },
    {
      "id": 10,
      "name": "Pet Dodie",
      "gender": "F",
      "father_id": null,
      "mother_id": null,
      "place_id": 624,
      "level": 0
    },
    {
      "id": 11,
      "name": "Sissie Millisent",
      "gender": "M",
      "father_id": null,
      "mother_id": null,
      "place_id": 215,
      "level": 0
    },
    {
      "id": 12,
      "name": "Siana Lissa",
      "gender": "F",
      "father_id": null,
      "mother_id": null,
      "place_id": 737,
      "level": 0
    },
    {
      "id": 13,
      "name": "Amalia Jori",
      "gender": "M",
      "father_id": null,
      "mother_id": null,
      "place_id": 680,
      "level": 0
    },
    {
      "id": 14,
      "name": "Melania Dredi",
      "gender": "F",
      "father_id": null,
      "mother_id": null,
      "place_id": 402,
      "level": 0
    },
    {
      "id": 15,
      "name": "Laurella Clarie",
      "gender": "M",
      "father_id": null,
      "mother_id": null,
      "place_id": 309,
      "level": 0
    },
    {
      "id": 16,
      "name": "Evanne Evonne",
      "gender": "F",
      "father_id": null,
      "mother_id": null,
      "place_id": 669,
      "level": 0
    },
    {
      "id": 17,
      "name": "Caitlin Millisent",
      "gender": "F",
      "father_id": 11,
      "mother_id": 16,
      "place_id": 145,
      "level": 1
    },
    {
      "id": 18,
      "name": "Emili Millisent",
      "gender": "F",
      "father_id": 11,
      "mother_id": 16,
      "place_id": 653,
      "level": 1
    },
    {
      "id": 19,
      "name": "Neala Millisent",
      "gender": "M",
      "father_id": 11,
      "mother_id": 16,
      "place_id": 256,
      "level": 1
    },
    {
      "id": 20,
      "name": "Clementia Clarie",
      "gender": "F",
      "father_id": 15,
      "mother_id": 10,
      "place_id": 672,
      "level": 1
    },
    {
      "id": 21,
      "name": "Gretchen Clarie",
      "gender": "M",
      "father_id": 15,
      "mother_id": 10,
      "place_id": 242,
      "level": 1
    },
    {
      "id": 22,
      "name": "Clarissa Eirena",
      "gender": "F",
      "father_id": 5,
      "mother_id": 14,
      "place_id": 202,
      "level": 1
    },
    {
      "id": 23,
      "name": "Merrily Eirena",
      "gender": "M",
      "father_id": 5,
      "mother_id": 14,
      "place_id": 790,
      "level": 1
    },
    {
      "id": 24,
      "name": "Honor Eirena",
      "gender": "F",
      "father_id": 5,
      "mother_id": 14,
      "place_id": 465,
      "level": 1
    },
    {
      "id": 25,
      "name": "Jill Eirena",
      "gender": "F",
      "father_id": 5,
      "mother_id": 14,
      "place_id": 293,
      "level": 1
    },
    {
      "id": 26,
      "name": "Phyllys Ina",
      "gender": "M",
      "father_id": 3,
      "mother_id": 6,
      "place_id": 317,
      "level": 1
    },
    {
      "id": 27,
      "name": "Gerhardine Eirena",
      "gender": "M",
      "father_id": 23,
      "mother_id": 17,
      "place_id": 766,
      "level": 2
    },
    {
      "id": 28,
      "name": "Mabel Clarie",
      "gender": "M",
      "father_id": 21,
      "mother_id": 24,
      "place_id": 219,
      "level": 2
    },
    {
      "id": 29,
      "name": "Codi Clarie",
      "gender": "F",
      "father_id": 21,
      "mother_id": 24,
      "place_id": 584,
      "level": 2
    },
    {
      "id": 30,
      "name": "Aurelea Clarie",
      "gender": "F",
      "father_id": 21,
      "mother_id": 24,
      "place_id": 409,
      "level": 2
    },
    {
      "id": 31,
      "name": "Noami Millisent",
      "gender": "M",
      "father_id": 19,
      "mother_id": 22,
      "place_id": 757,
      "level": 2
    },
    {
      "id": 32,
      "name": "Hynda Millisent",
      "gender": "M",
      "father_id": 19,
      "mother_id": 22,
      "place_id": 324,
      "level": 2
    },
    {
      "id": 33,
      "name": "Lizzie Millisent",
      "gender": "M",
      "father_id": 19,
      "mother_id": 22,
      "place_id": 771,
      "level": 2
    },
    {
      "id": 34,
      "name": "Roberta Ina",
      "gender": "M",
      "father_id": 26,
      "mother_id": 18,
      "place_id": 171,
      "level": 2
    },
    {
      "id": 35,
      "name": "Prisca Ina",
      "gender": "F",
      "father_id": 26,
      "mother_id": 18,
      "place_id": 420,
      "level": 2
    },
    {
      "id": 36,
      "name": "Gayleen Millisent",
      "gender": "M",
      "father_id": 32,
      "mother_id": 30,
      "place_id": 474,
      "level": 3
    },
    {
      "id": 37,
      "name": "Vanny Millisent",
      "gender": "F",
      "father_id": 32,
      "mother_id": 30,
      "place_id": 596,
      "level": 3
    },
    {
      "id": 38,
      "name": "Vicki Clarie",
      "gender": "M",
      "father_id": 28,
      "mother_id": 35,
      "place_id": 283,
      "level": 3
    },
    {
      "id": 39,
      "name": "Angeline Clarie",
      "gender": "M",
      "father_id": 28,
      "mother_id": 35,
      "place_id": 629,
      "level": 3
    },
    {
      "id": 40,
      "name": "Rhiamon Clarie",
      "gender": "F",
      "father_id": 28,
      "mother_id": 35,
      "place_id": 351,
      "level": 3
    },
    {
      "id": 41,
      "name": "Norah Clarie",
      "gender": "F",
      "father_id": 28,
      "mother_id": 35,
      "place_id": 727,
      "level": 3
    },
    {
      "id": 42,
      "name": "Carlee Millisent",
      "gender": "M",
      "father_id": 33,
      "mother_id": 29,
      "place_id": 711,
      "level": 3
    },
    {
      "id": 43,
      "name": "Madalyn Millisent",
      "gender": "M",
      "father_id": 36,
      "mother_id": 40,
      "place_id": 144,
      "level": 4
    },
    {
      "id": 44,
      "name": "Nalani Millisent",
      "gender": "F",
      "father_id": 36,
      "mother_id": 40,
      "place_id": 786,
      "level": 4
    },
    {
      "id": 45,
      "name": "Bamby Millisent",
      "gender": "M",
      "father_id": 36,
      "mother_id": 40,
      "place_id": 232,
      "level": 4
    },
    {
      "id": 46,
      "name": "Elena Therese",
      "gender": "F",
      "father_id": 9,
      "mother_id": 2,
      "place_id": 359,
      "level": 1
    },
    {
      "id": 47,
      "name": "Marrilee Therese",
      "gender": "F",
      "father_id": 9,
      "mother_id": 2,
      "place_id": 405,
      "level": 1
    },
    {
      "id": 48,
      "name": "Teddi Millisent",
      "gender": "F",
      "father_id": 42,
      "mother_id": 41,
      "place_id": 250,
      "level": 4
    },
    {
      "id": 49,
      "name": "Audrey Millisent",
      "gender": "F",
      "father_id": 42,
      "mother_id": 41,
      "place_id": 610,
      "level": 4
    },
    {
      "id": 50,
      "name": "Melva Brittne",
      "gender": "F",
      "father_id": 1,
      "mother_id": 12,
      "place_id": 179,
      "level": 1
    },
    {
      "id": 51,
      "name": "Loleta Brittne",
      "gender": "F",
      "father_id": 1,
      "mother_id": 12,
      "place_id": 380,
      "level": 1
    },
    {
      "id": 52,
      "name": "Stacey Brittne",
      "gender": "F",
      "father_id": 1,
      "mother_id": 12,
      "place_id": 135,
      "level": 1
    }
  ]
}
